name,price,image
3PM Black,46,/products/3pm_black.jpeg
3PM Rave,47,/products/3pm_rave.jpeg
9PM,49,/products/9pm.jpeg
9PM Elixir,52,/products/9pm_elixir.jpeg
9PM Rebel,53,/products/9pm_rebel.jpeg
9AM,45,/products/9_am.jpeg
Amber Saffron,60,/products/amber_saffron.jpeg
Ameer Al Oud,55,/products/ameer_al_oud.jpeg
Angham,50,/products/angham.jpeg
Aqua Pura,48,/products/aqua_pura.jpeg
Art of Arabia No 1,45,/products/art_of_arabia_no_1.jpeg
Art of Arabia No 2,47,/products/art_of_arabia_no_2.jpeg
Art of Arabia No 3,49,/products/art_of_arabia_no_3.jpeg
Art of Universe,51,/products/art_of_universe.jpeg
Asad Black,56,/products/asad_black.jpeg
Asad Bourbon,58,/products/asad_bourbon.jpeg
Asad Elixir,57,/products/asad_elixir.jpeg
Asad Zanzibar,59,/products/asad_zanzibar.jpeg
Bade Al Oud Amethyst,65,/products/bada_al_oud_amethyst.jpeg
Bade Al Oud Glory,65,/products/bada_al_oud_glory.jpeg
Bade Al Oud Honor,65,/products/bada_al_oud_honor.jpeg
Bade Al Oud Nobel,65,/products/bada_al_oud_nobel.jpeg
Bade Al Oud Sublime,65,/products/bada_al_oud_sublime.jpeg
Barakat Red,53,/products/barakat_red.jpeg
Barakat Satin Oud,55,/products/barakat_satin_oud.jpeg
Barakat White,57,/products/barakat_white.jpeg
Barakkat Rouge,59,/products/barakkat_rouge.jpeg
Bavaria Man,48,/products/bavaria_man.jpeg
Berries Weekend,50,/products/berries_weekend.jpeg
Brown Orchid,45,/products/brown_orchid.jpeg
Brown Orchid Rose,47,/products/brown_orchid_rose.jpeg
Champ de Rose,49,/products/champ_de_rose.jpeg
Charuto Mysterious,51,/products/charuto_mysterious.jpeg
Charuto Vanilla Tobacco,53,/products/charuto_vanilla_tobacco.jpeg
Club de Nuit Iconic,55,/products/club_de_nuit_iconic.jpeg
Club de Nuit Intense,57,/products/club_de_nuit_intense.jpeg
Club de Nuit Women,59,/products/club_de_nuit_iwomen.jpeg
Club de Nuit Urban Man,48,/products/club_de_nuit_urban_man.jpeg
Eclair,50,/products/eclair.jpeg
Ely Sia Apple,45,/products/ely_sia_apple.jpeg
Ely Sia Pistachio,47,/products/ely_sia_pistachio.jpeg
Ely Sia Sugar,49,/products/ely_sia_sugar.jpeg
Enchantment Blue,51,/products/enchantment_blue.jpeg
Fakhar Gold,53,/products/fakhar_gold.jpeg
Fakhar Silver,55,/products/fakhar_silver.jpeg
Fakhar White,57,/products/fakhar_white.jpeg
Flora by Flora,59,/products/flora_by_flora.jpeg
Galactic Man,48,/products/galactic_man.jpeg
Ghost Spectre,50,/products/ghost_spectre.jpeg
Hamid Body Lotion,45,/products/hamid_body_lotion.jpeg
Hawas Black,47,/products/hawas_black.jpeg
Hawas Her,49,/products/hawas_her.jpeg
Hawas Ice,51,/products/hawas_ice.jpeg
Hawas Malibu,53,/products/hawas_malibu.jpeg
Hayati Beau,55,/products/hayati_beau.jpeg
Hayati Fragrance Black,57,/products/hayati_fragrance_black.jpeg
Hayati Rose,59,/products/hayati_rose.jpeg
Hayati Royale,48,/products/hayati_royale.jpeg
Her Confession,50,/products/her_confession.jpeg
His Confession,52,/products/his_confession.jpeg
Homme Wayfare,54,/products/homme_wayfare.jpeg
Intense Noir,56,/products/intense_noir.jpeg
Intense Wayfare,58,/products/intense_wayfare.jpeg
Intimation,50,/products/intimation.jpeg
Intro Aftermath,57,/products/intro_aftermath.jpeg
Invicto Elixir,60,/products/invicto_elixir.jpeg
Invicto Intense,58,/products/invicto_intense.jpeg
Invicto Legend,56,/products/invicto_legend.jpeg
Invicto Victorous,59,/products/invicto_victorous.jpeg
Jean Lowe Immortel,60,/products/jean_lowe_immortel.jpeg
Khamra,65,/products/khamra.jpeg
Khamra Dukhan,67,/products/khamra_dukhan.jpeg
Khamra Qahwa,66,/products/khamra_qahwa.jpeg
L Oudh,58,/products/l'oudh.jpeg
Lady Presidente,55,/products/lady_presidente.jpeg
Lattafa Ramz Gold,52,/products/lattafa_ramz_gold.jpeg
Lattafa Ramz Silver,50,/products/lattafa_ramz_silver.jpeg
Launo Intense Blue,54,/products/launo_intense_blue.jpeg
Launo Million,56,/products/launo_million.jpeg
La Vida Es Belle,58,/products/la_vida_es_belle.jpeg
Legend Arabia,57,/products/legend_arabia.jpeg
Liquid Brun,59,/products/liquid_brun.jpeg
Mayar Cherry,55,/products/mayar_cherry.jpeg
Mayar Green,55,/products/mayar_green.jpeg
Mayar Pink,55,/products/mayar_pink.jpeg
Megara,53,/products/megara.jpeg
Midnight Oud,60,/products/midnight_oud.jpeg
Mousuf Brown,52,/products/mousuf_brown.jpeg
Mousuf Wardi,52,/products/mousuf_wardi.jpeg
Night Club Absolute,58,/products/night_club_absolute.jpeg
Night Club Intense,58,/products/night_club_intense.jpeg
Night de Club,57,/products/night_de_club.jpeg
Odyssey Spectre,59,/products/odyssey_spectre.jpeg
Ophylia,54,/products/ophylia.jpeg
Opulence Leather,60,/products/opulence_leather.jpeg
Opulent Dubai,60,/products/opulent_dubai.jpeg
Opulent Musk,58,/products/opulent_musk.jpeg
Opulent Oud,61,/products/opulent_oud.jpeg
Oud Al Aswad,62,/products/oud_al_aswad.jpeg
Oud Al Layl,60,/products/oud_al_layl.jpeg
Oud Intense,63,/products/oud_intense.jpeg
Oud Ispahan,64,/products/oud_ispahan.jpeg
Oud Madness,62,/products/oud_madness.jpeg
Oud Midnight,61,/products/oud_midnight.jpeg
Oud Mood,60,/products/oud_mood.jpeg
Oud Mood Gold,62,/products/oud_mood_gold.jpeg
Oud Nuclear,65,/products/oud_nuclear.jpeg
Proud of You Absolute,57,/products/proud_of_you_absolute.jpeg
Proud of You Intense,56,/products/proud_of_you_intense.jpeg
Qaed Lattafa,55,/products/qaed_lattafa.jpeg
Qaed la Fursan,55,/products/qaed_la_fursan.jpeg
Rave Now,50,/products/rave_now.jpeg
Rave Pink,50,/products/rave_pink.jpeg
Scandant,54,/products/scandant.jpeg
Scandant by Night,56,/products/scandant_by_night.jpeg
Suave,50,/products/suave.jpeg
Suave Elixir,55,/products/suave_elixir.jpeg
Suspenso,53,/products/suspenso.jpeg
Tobacco Gourmand,65,/products/tobacco_gourmand.jpeg
Tool Box,49,/products/tool_box.jpeg
Toomford,58,/products/toomford.jpeg
Ur Way,52,/products/ur_way.jpeg
Vintage Radio,57,/products/vintage_radio.jpeg
Volcan,55,/products/volcan.jpeg
Yara Candy,60,/products/yara_candy.jpeg
Yara Pink,60,/products/yara_pink.jpeg
Yara White,60,/products/yara_white.jpeg
Yara Yellow,60,/products/yara_yellow.jpeg
Zara Man,50,/products/zara_man.jpeg
